Function, Apps linking(%), #Apps linking
memcpy,99.1374310,371233
abort,97.2707580,364243
free,92.8649830,347745
malloc,92.3591920,345851
memset,90.8621150,340245
raise,85.9377290,321805
strcmp,84.5845920,316738
strlen,82.3814370,308488
fclose,80.8103870,302605
fopen,80.6733910,302092
strncmp,79.9908140,299536
realloc,78.4662300,293827
fwrite,78.3009270,293208
fread,78.2592670,293052
memcmp,77.9460190,291879
memmove,77.5571950,290423
fseek,77.1665020,288960
ftell,75.7385910,283613
sprintf,73.7007390,275982
strcpy,72.4696430,271372
pow,71.9862840,269562
qsort,71.5587390,267961
close,71.3827530,267302
fprintf,70.9907250,265834
exit,70.5677200,264250
strtol,70.3252390,263342
strncpy,70.1078610,262528
strchr,70.0098540,262161
sqrt,69.7051510,261020
strstr,69.5505300,260441
fputc,69.5096710,260288
pthread_mutex_unlock,68.6751430,257163
pthread_mutex_lock,68.3135580,255809
open,68.1140730,255062
read,67.8651830,254130
snprintf,66.7956510,250125
gettimeofday,66.7809640,250070
sin,66.5975010,249383
fputs,66.2340470,248022
cos,66.2089450,247928
fflush,65.8967640,246759
floor,65.5901920,245611
strtod,65.3789560,244820
memchr,64.9946720,243381
strrchr,64.3289190,240888
write,64.3032820,240792
time,64.2947370,240760
log,64.1532010,240230
atoi,64.1150130,240087
calloc,63.6626320,238393
lseek,63.6132270,238208
pthread_mutex_init,63.5750390,238065
strerror,62.6355610,234547
getenv,62.4267280,233765
vsnprintf,62.3140340,233343
pthread_mutex_destroy,61.3836350,229859
strcat,60.7055970,227320
pthread_cond_wait,60.5744760,226829
puts,60.4249280,226269
ceil,60.3854050,226121
atan2,60.2644320,225668
printf,60.2110220,225468
pthread_key_create,59.3871760,222383
pthread_setspecific,59.3743570,222335
pthread_getspecific,59.3409760,222210
pthread_create,58.4976350,219052
sscanf,58.4853510,219006
exp,58.4004290,218688
fcntl,57.9330940,216938
localtime,57.3194150,214640
sinf,57.2729480,214466
cosf,57.0302010,213557
ungetc,56.7604810,212547
pthread_key_delete,56.6298940,212058
fstat,56.1347850,210204
pthread_cond_broadcast,55.6233860,208289
lrand48,55.3210860,207157
clock_gettime,55.0924920,206301
stat,54.7143510,204885
dlopen,54.7020670,204839
sqrtf,54.6977940,204823
socket,54.5591950,204304
setlocale,54.3874830,203661
fgets,54.2619700,203191
connect,54.0795750,202508
getpid,54.0165520,202272
munmap,53.8229410,201547
strcasecmp,53.6667170,200962
mmap,53.4127540,200011
log10,52.8623660,197950
setjmp,52.4441670,196384
dlsym,52.4372230,196358
longjmp,52.3763360,196130
mkdir,52.3277330,195948
recv,52.1186340,195165
pthread_join,52.1181000,195163
strdup,52.0825820,195030
send,51.9434500,194509
strtoul,51.6358090,193357
acos,51.4427330,192634
setvbuf,51.3730330,192373
dlclose,51.2341670,191853
fmod,51.1708770,191616
asin,51.0603180,191202
setsockopt,50.9273280,190704
srand48,50.8968840,190590
getc,50.5144700,189158
mktime,50.3411550,188509
tan,49.5891450,185693
bind,49.5082290,185390
vfprintf,49.3135500,184661
atan,48.9541020,183315
listen,48.5316310,181733
pthread_cond_init,48.2020920,180499
accept,48.2018250,180498
gmtime,47.9393160,179515
opendir,47.8853720,179313
closedir,47.8172740,179058
putc,47.7873650,178946
readdir,47.4316550,177614
atan2f,47.2602100,176972
pthread_once,47.0852930,176317
pthread_attr_init,47.0479060,176177
fdopen,46.9936950,175974
floorf,46.7976810,175240
pthread_mutexattr_init,46.7453390,175044
pthread_mutexattr_settype,46.6251670,174594
towlower,46.5955250,174483
vsprintf,46.5391770,174272
unlink,46.4427730,173911
pthread_cond_signal,46.3428960,173537
towupper,46.2985660,173371
shutdown,45.9033340,171891
wcslen,45.8226850,171589
rename,45.8039910,171519
fscanf,45.4514870,170199
ioctl,45.3815200,169937
strncasecmp,45.1566640,169095
dlerror,44.9211270,168213
strftime,44.9104450,168173
powf,44.7398010,167534
pthread_self,44.5365760,166773
access,44.1450820,165307
geteuid,43.9720350,164659
select,43.9023350,164398
pthread_mutex_trylock,43.5613130,163121
getaddrinfo,43.4157710,162576
sysconf,43.3033440,162155
pthread_cond_destroy,43.0771530,161308
freeaddrinfo,42.9414920,160800
sigaction,42.9342820,160773
getpeername,42.8157120,160329
wmemmove,42.6613580,159751
wmemset,42.5932600,159496
getsockname,42.5438560,159311
poll,42.3919050,158742
wmemcpy,42.3462400,158571
sendto,42.2362160,158159
recvfrom,42.1873460,157976
sinh,41.7977210,156517
cosh,41.6479060,155956
getcwd,41.2970040,154642
getsockopt,40.5185560,151727
acosf,40.3257460,151005
pthread_mutexattr_destroy,40.2037050,150548
sched_yield,40.1243910,150251
strncat,39.7857730,148983
getuid,39.7710860,148928
vprintf,39.6955110,148645
expf,39.4217850,147620
atol,38.7870100,145243
nanosleep,38.5381200,144311
frexp,38.3391680,143566
rmdir,38.1169840,142734
isxdigit,38.1044320,142687
isspace,37.9313840,142039
chdir,37.8536730,141748
logf,37.7559330,141382
remove,37.6520510,140993
strpbrk,37.3914110,140017
pthread_cond_timedwait,37.2114200,139343
tolower,36.7804030,137729
mkstemp,36.6882710,137384
chmod,36.3288230,136038
pthread_exit,35.7514630,133876
sleep,35.6961840,133669
inet_ntop,35.0835730,131375
getpwuid,34.9839640,131002
pthread_detach,34.9476450,130866
isalpha,34.5721740,129460
pthread_attr_setstacksize,34.3259550,128538
mprotect,34.3027210,128451
ftruncate,34.2802890,128367
ldexp,34.0591730,127539
inet_pton,33.7616800,126425
strtok_r,33.6153370,125877
getrusage,33.0411820,123727
fsync,33.0179480,123640
ceilf,33.0075330,123601
gethostname,32.5244420,121792
putchar,32.5070830,121727
strtok,32.2261480,120675
lstat,32.0370770,119967
setenv,31.8410630,119233
bsearch,31.4784100,117875
system,31.2799930,117132
mbrtowc,31.1357860,116592
pthread_attr_destroy,31.0778370,116375
wcrtomb,30.9194770,115782
tanh,30.8943740,115688
pthread_attr_setdetachstate,30.8027760,115345
readlink,30.6182450,114654
strcoll,30.4577490,114053
sem_post,30.0488970,112522
strxfrm,29.8168310,111653
clock,29.4453660,110262
sem_init,29.4333490,110217
sem_wait,29.3914220,110060
sem_destroy,28.7502370,107659
fmodf,28.4335170,106473
isalnum,28.3715610,106241
pipe,27.9074300,104503
modf,27.5423740,103136
kill,26.9834400,101043
popen,26.8130630,100405
pclose,26.5796620,99531
perror,26.4669670,99109
atanf,26.4658990,99105
siglongjmp,26.3200900,98559
dup2,26.3190220,98555
sigsetjmp,26.2899140,98446
wmemcmp,26.2004520,98111
wctype,25.9934890,97336
btowc,25.9790690,97282
wctob,25.9771990,97275
wcscoll,25.9299320,97098
wmemchr,25.8762550,96897
iswctype,25.8140320,96664
wcsftime,25.7560830,96447
inet_ntoa,25.6489960,96046
wcsxfrm,25.5902450,95826
getwc,25.3533730,94939
putwc,25.3499010,94926
ungetwc,25.3061050,94762
uname,25.1194380,94063
isprint,25.0561470,93826
tanf,24.9421170,93399
utime,24.8686790,93124
pthread_attr_getstack,24.1302880,90359
pthread_setschedparam,23.4260790,87722
fork,23.3067090,87275
fgetc,23.1886730,86833
asinf,23.1617010,86732
sched_get_priority_min,23.1128310,86549
isupper,22.9168170,85815
gmtime_r,22.8503220,85566
rewind,22.2884500,83462
sem_timedwait,22.2446540,83298
strtoll,22.1706820,83021
waitpid,21.9538380,82209
round,21.6921300,81229
truncate,21.6408560,81037
iswspace,21.5188150,80580
islower,21.4021140,80143
iswupper,21.3727390,80033
iswlower,21.3639260,80000
fgetpos,21.1550940,79218
toupper,20.9123460,78309
execl,20.9003290,78264
sched_get_priority_max,20.5301990,76878
pthread_equal,20.4674430,76643
inet_addr,20.4439420,76555
_exit,20.1087960,75300
isatty,20.0951760,75249
sigprocmask,19.9229300,74604
pthread_getschedparam,19.6532100,73594
gai_strerror,19.6414600,73550
wcscmp,19.4216790,72727
getpwnam,19.2950970,72253
umask,19.1952210,71879
pthread_attr_setschedparam,19.1917490,71866
pthread_attr_setschedpolicy,19.0859980,71470
strerror_r,19.0838610,71462
getegid,18.9548770,70979
fsetpos,18.8774320,70689
trunc,18.7481810,70205
iscntrl,18.6469690,69826
rint,18.5719280,69545
ispunct,18.5524340,69472
writev,18.5470930,69452
pthread_kill,18.5254620,69371
freopen,18.4426770,69061
iswalpha,18.3227720,68612
iswdigit,18.2536060,68353
recvmsg,18.2303730,68266
sem_trywait,18.2194240,68225
iswpunct,18.1857750,68099
iswxdigit,18.0875010,67731
sendmsg,17.9614540,67259
strtoull,17.8391460,66801
iswcntrl,17.8113730,66697
iswprint,17.7753210,66562
wcsncpy,17.5990690,65902
setpriority,17.4204130,65233
hypot,17.3031780,64794
tmpfile,17.2543080,64611
getgid,17.2396200,64556
execve,17.2081090,64438
unsetenv,17.0996870,64032
div,16.9733730,63559
clearerr,16.7557280,62744
dup,16.6983120,62529
pthread_sigmask,16.6651980,62405
execv,16.5063040,61810
setitimer,16.3623640,61271
utimes,16.1807710,60591
getgrgid,16.1479240,60468
clock_getres,16.1476570,60467
getpriority,16.0362970,60050
sigsuspend,15.9941040,59892
lrintf,15.9417620,59696
modff,15.9401600,59690
getgrnam,15.8976990,59531
basename,15.7064920,58815
strspn,15.2714690,57186
lrint,14.9427310,55955
sem_getvalue,14.1365100,52936
pthread_attr_getdetachstate,13.9714740,52318
fseeko,13.8854840,51996
localtime_r,13.4571370,50392
strndup,13.3970510,50167
ftello,13.2394920,49577
strcspn,12.7264910,47656
getservbyname,12.1002610,45311
sinhf,11.9023780,44570
coshf,11.7699210,44074
atexit,11.5845890,43380
_setjmp,11.4903210,43027
_longjmp,11.4876500,43017
isnan,11.4361100,42824
log10f,10.7212190,40147
feof,9.7801380,36623
tzset,9.6946830,36303
ferror,8.9928780,33675
strnlen,8.8759100,33237
alarm,8.7776360,32869
difftime,8.5255420,31925
symlink,8.1516730,30525
getrlimit,7.9895740,29918
fchown,7.7390820,28980
pthread_attr_getstacksize,7.4859200,28032
pthread_attr_setguardsize,7.4023330,27719
pthread_attr_getguardsize,7.3855090,27656
link,6.6404420,24866
ctime,6.2783240,23510
getnameinfo,6.1642940,23083
fchmod,6.0913900,22810
syslog,5.8665340,21968
getppid,5.6614410,21200
socketpair,5.4945350,20575
getopt,5.3407150,19999
isgraph,5.0603130,18949
openlog,4.9708520,18614
closelog,4.9078280,18378
execvp,4.8528160,18172
isdigit,4.3833440,16414
readdir_r,4.2882740,16058
llrint,3.7912960,14197
setuid,3.7320110,13975
fabs,3.6671180,13732
setsid,3.5384000,13250
hypotf,3.5226440,13191
pause,3.4425300,12891
setgid,3.4257060,12828
exp2f,3.4217000,12813
cbrtf,3.4168930,12795
fmax,3.2571980,12197
roundf,3.1226050,11693
mknod,3.1169970,11672
fileno,3.1073830,11636
atoll,3.0430240,11395
mlock,2.9613070,11089
mbrlen,2.9346020,10989
scandir,2.8248450,10578
munlock,2.7733050,10385
setpgid,2.7543440,10314
realpath,2.3585770,8832
fmaxf,2.3356110,8746
tmpnam,2.3161170,8673
truncf,2.3150480,8669
ldiv,2.2052910,8258
asctime,2.1983480,8232
pathconf,2.0447950,7657
if_indextoname,2.0314420,7607
strptime,1.9908510,7455
llrintf,1.9809700,7418
wcstombs,1.8861680,7063
times,1.8813610,7045
exp2,1.8618660,6972
ldexpf,1.8410360,6894
mbstowcs,1.7964390,6727
fmin,1.7091140,6400
fminf,1.5558280,5826
pread,1.5414070,5772
pthread_rwlock_unlock,1.5344640,5746
pthread_rwlock_wrlock,1.5339300,5744
pthread_rwlock_rdlock,1.5323280,5738
pthread_rwlock_init,1.5277880,5721
pthread_rwlock_destroy,1.5117650,5661
fnmatch,1.3929280,5216
scanf,1.3560750,5078
pwrite,1.3325750,4990
putenv,1.2513920,4686
msync,1.2278920,4598
creat,1.2174770,4559
execlp,1.2038570,4508
ctime_r,1.1843630,4435
wcsncmp,1.1314870,4237
nextafterf,1.1304190,4233
setrlimit,1.1167990,4182
tanhf,1.0978390,4111
swprintf,1.0540430,3947
sem_close,1.0497700,3931
pthread_attr_getschedparam,1.0414910,3900
wcschr,1.0281390,3850
setbuf,1.0222640,3828
lroundf,0.9974280,3735
sem_open,0.9926210,3717
wcscpy,0.9728600,3643
nextafter,0.9552350,3577
if_nametoindex,0.9482910,3551
sem_unlink,0.9410810,3524
openat,0.9352060,3502
getitimer,0.9002220,3371
chown,0.8914100,3338
nice,0.8903420,3334
pthread_attr_setstack,0.8793930,3293
wcsstr,0.8687110,3253
pthread_condattr_init,0.8641710,3236
pthread_mutexattr_setpshared,0.8628360,3231
tempnam,0.8580290,3213
lround,0.8532220,3195
pthread_condattr_destroy,0.8412050,3150
dirfd,0.8371990,3135
getlogin,0.8072890,3023
iswalnum,0.7998120,2995
log1p,0.7877950,2950
tgamma,0.7861920,2944
pselect,0.7859250,2943
expm1,0.7803170,2922
wcstoul,0.7648290,2864
fdatasync,0.7546810,2826
cbrt,0.7493400,2806
fchdir,0.7004700,2623
funlockfile,0.6975320,2612
flockfile,0.6972650,2611
rewinddir,0.6932590,2596
strsignal,0.6865830,2571
acosh,0.6403840,2398
pthread_rwlock_trywrlock,0.6275650,2350
pthread_attr_setscope,0.6246280,2339
lchown,0.6219570,2329
getprotobyname,0.6216900,2328
pthread_rwlock_tryrdlock,0.6136790,2298
fmaf,0.6112750,2289
strtoimax,0.6099400,2284
seteuid,0.5949850,2228
setegid,0.5896440,2208
pthread_condattr_setpshared,0.5864400,2196
regexec,0.5851050,2191
regcomp,0.5813660,2177
regfree,0.5752240,2154
wait,0.5664110,2121
atanh,0.5594680,2095
asinh,0.5584000,2091
alphasort,0.5357000,2006
getgroups,0.5340980,2000
pthread_attr_getschedpolicy,0.5306270,1987
nrand48,0.5196780,1946
jrand48,0.5188760,1943
swscanf,0.5140690,1925
getpgid,0.5057910,1894
getpgrp,0.4999160,1872
setreuid,0.4967110,1860
setregid,0.4940410,1850
lldiv,0.4929730,1846
fdopendir,0.4911030,1839
erand48,0.4892340,1832
rintf,0.4889670,1831
frexpf,0.4873650,1825
getservbyport,0.4865630,1822
fpathconf,0.4860290,1820
fwprintf,0.4726770,1770
vsscanf,0.4713420,1765
unlockpt,0.4558530,1707
dirname,0.4547850,1703
ptsname,0.4547850,1703
log1pf,0.4486420,1680
logbf,0.4483750,1679
remainderf,0.4481080,1678
expm1f,0.4470400,1674
erff,0.4470400,1674
copysignf,0.4465060,1672
atanhf,0.4462390,1671
acoshf,0.4459720,1670
asinhf,0.4459720,1670
lgammaf,0.4457050,1669
erfcf,0.4457050,1669
fdimf,0.4454380,1668
ilogbf,0.4454380,1668
remquof,0.4454380,1668
sched_setscheduler,0.4400970,1648
readv,0.4299490,1610
ttyname,0.4155280,1556
sigaltstack,0.4091190,1532
setpgrp,0.4091190,1532
tcgetpgrp,0.4088520,1531
timer_create,0.4080510,1528
timer_settime,0.4080510,1528
timer_delete,0.4067160,1523
tcsetpgrp,0.4053810,1518
strtoumax,0.4016420,1504
waitid,0.3979030,1490
fstatat,0.3971020,1487
erfc,0.3912270,1465
execle,0.3864200,1447
sched_getparam,0.3858860,1445
killpg,0.3810790,1427
erf,0.3794770,1421
sync,0.3754710,1406
sigwait,0.3741360,1401
clock_nanosleep,0.3725330,1395
asctime_r,0.3722660,1394
remainder,0.3583800,1342
scalbn,0.3565110,1335
drand48,0.3530390,1322
memccpy,0.3530390,1322
logb,0.3484990,1305
nearbyint,0.3420900,1281
lgamma,0.3418230,1280
remquo,0.3380840,1266
sched_getscheduler,0.3113790,1166
pthread_mutexattr_gettype,0.3047030,1141
mrand48,0.3044360,1140
sigpending,0.3025670,1133
pthread_rwlockattr_init,0.3025670,1133
iswgraph,0.3020330,1131
pthread_rwlockattr_destroy,0.3017650,1130
pthread_rwlockattr_setpshared,0.2998960,1123
pthread_attr_getscope,0.2977600,1115
timer_gettime,0.2974930,1114
seed48,0.2953560,1106
ttyname_r,0.2950890,1105
timer_getoverrun,0.2948220,1104
pthread_mutexattr_getpshared,0.2948220,1104
sched_setparam,0.2945550,1103
pthread_rwlockattr_getpshared,0.2942880,1102
pthread_condattr_getpshared,0.2942880,1102
sched_rr_get_interval,0.2942880,1102
vwprintf,0.2892140,1083
wcstod,0.2886800,1081
localeconv,0.2798670,1048
strtold,0.2731910,1023
towlower_l,0.2718560,1018
iswblank_l,0.2718560,1018
iswdigit_l,0.2718560,1018
catclose,0.2718560,1018
strftime_l,0.2718560,1018
iswpunct_l,0.2718560,1018
catopen,0.2718560,1018
wcsnrtombs,0.2718560,1018
isxdigit_l,0.2718560,1018
isdigit_l,0.2718560,1018
iswspace_l,0.2718560,1018
toupper_l,0.2718560,1018
iswlower_l,0.2718560,1018
wcstold,0.2718560,1018
iswprint_l,0.2718560,1018
wcstoll,0.2718560,1018
towupper_l,0.2718560,1018
iswupper_l,0.2718560,1018
strxfrm_l,0.2718560,1018
mbtowc,0.2718560,1018
catgets,0.2718560,1018
freelocale,0.2718560,1018
wcscoll_l,0.2718560,1018
iswxdigit_l,0.2718560,1018
strcoll_l,0.2718560,1018
iswcntrl_l,0.2718560,1018
wcsxfrm_l,0.2718560,1018
iswalpha_l,0.2718560,1018
newlocale,0.2718560,1018
tolower_l,0.2718560,1018
uselocale,0.2718560,1018
wcstoull,0.2718560,1018
mbsnrtowcs,0.2718560,1018
isupper_l,0.2699870,1011
islower_l,0.2699870,1011
random,0.2689180,1007
srandom,0.2686510,1006
mbsinit,0.2638440,988
getprotobynumber,0.2544980,953
isblank,0.2494240,934
vswprintf,0.2317990,868
fputwc,0.2315320,867
wcwidth,0.1847980,692
siginterrupt,0.1847980,692
getnetbyname,0.1799910,674
fabsf,0.1789230,670
llroundf,0.1759850,659
gethostent,0.1751840,656
getnetbyaddr,0.1749170,655
wcscat,0.1749170,655
strncasecmp_l,0.1749170,655
getservent,0.1714460,642
setservent,0.1714460,642
vfscanf,0.1490130,558
wcstol,0.1196380,448
endpwent,0.1129620,423
mbsrtowcs,0.1000000,316
wcsrtombs,0.1000000,303
isascii,0.1000000,281
scalbnl,0.1000000,232
copysign,0.1000000,207
getline,0.1000000,202
wcsrchr,0.1000000,197
j1,0.1000000,189
j0,0.1000000,188
fchmodat,0.1000000,187
wprintf,0.1000000,166
wcsncat,0.1000000,118
wcstok,0.1000000,115
regerror,0.1000000,114
fgetws,0.1000000,109
getchar,0.1000000,89
iconv,0.1000000,75
iconv_close,0.1000000,75
iconv_open,0.1000000,75
fmaxl,0.1000000,74
setlogmask,0.1000000,71
vfwprintf,0.1000000,69
ceill,0.1000000,68
floorl,0.1000000,65
fminl,0.1000000,65
clock_settime,0.1000000,58
endservent,0.1000000,55
wcspbrk,0.1000000,50
wcscspn,0.1000000,44
mkdtemp,0.1000000,42
wcsdup,0.1000000,40
ftok,0.1000000,39
scalbnf,0.1000000,31
wcsspn,0.1000000,26
powl,0.1000000,24
llround,0.1000000,24
vscanf,0.1000000,23
fwide,0.1000000,22
mkdirat,0.1000000,19
gets,0.1000000,19
unlinkat,0.1000000,15
ftrylockfile,0.1000000,13
putwchar,0.1000000,13
fputws,0.1000000,12
pthread_getcpuclockid,0.1000000,12
renameat,0.1000000,12
nearbyintf,0.1000000,11
nan,0.1000000,10
nanf,0.1000000,9
posix_memalign,0.1000000,9
fwscanf,0.1000000,9
jn,0.1000000,8
ldexpl,0.1000000,7
utimensat,0.1000000,7
wcstof,0.1000000,7
logl,0.1000000,6
frexpl,0.1000000,6
fchownat,0.1000000,6
fabsl,0.1000000,6
log2f,0.1000000,5
coshl,0.1000000,5
ffs,0.1000000,5
wcscasecmp,0.1000000,5
expl,0.1000000,5
wscanf,0.1000000,5
fmodl,0.1000000,5
sinhl,0.1000000,5
acosl,0.1000000,4
wcsncasecmp,0.1000000,4
wcsnlen,0.1000000,4
open_memstream,0.1000000,4
telldir,0.1000000,4
yn,0.1000000,4
seekdir,0.1000000,4
glob,0.1000000,4
roundl,0.1000000,4
globfree,0.1000000,4
rand_r,0.1000000,3
fmemopen,0.1000000,3
y0,0.1000000,3
log2,0.1000000,3
rand,0.1000000,3
fgetwc,0.1000000,3
y1,0.1000000,3
encrypt,0.1000000,3
getc_unlocked,0.1000000,2
srand,0.1000000,2
pthread_rwlock_timedwrlock,0.1000000,2
fma,0.1000000,2
strtof,0.1000000,2
pthread_rwlock_timedrdlock,0.1000000,2
pthread_cancel,0.1000000,2
sigaddset,0.1000000,1
setpwent,0.1000000,1
cosl,0.1000000,1
sinl,0.1000000,1
pthread_barrier_destroy,0.1000000,1
sigdelset,0.1000000,1
tcflush,0.1000000,1
cfgetospeed,0.1000000,1
atan2l,0.1000000,1
tcgetattr,0.1000000,1
getpwent,0.1000000,1
sigismember,0.1000000,1
pthread_barrier_wait,0.1000000,1
setstate,0.1000000,1
nl_langinfo,0.1000000,1
tcflow,0.1000000,1
toascii,0.1000000,1
signal,0.1000000,1
sqrtl,0.1000000,1
sigemptyset,0.1000000,1
initstate,0.1000000,1
tcsetattr,0.1000000,1
pthread_barrier_init,0.1000000,1
wctomb,0,0
iscntrl_l,0,0
posix_spawn,0,0
cbrtl,0,0
wcpncpy,0,0
aio_read,0,0
mq_unlink,0,0
pthread_getconcurrency,0,0
expm1l,0,0
swab,0,0
ulimit,0,0
log2l,0,0
posix_trace_attr_getlogfullpolicy,0,0
ilogb,0,0
va_end,0,0
futimens,0,0
dbm_delete,0,0
shm_unlink,0,0
dbm_open,0,0
aio_suspend,0,0
aio_cancel,0,0
islessgreater,0,0
posix_trace_timedgetnext_event,0,0
dbm_store,0,0
strfmon_l,0,0
ccos,0,0
pthread_setschedprio,0,0
posix_trace_eventtypelist_getnext_id,0,0
vwscanf,0,0
posix_fallocate,0,0
posix_spawnattr_setflags,0,0
getlogin_r,0,0
ctanhf,0,0
ctanhl,0,0
ntohl,0,0
posix_trace_open,0,0
cargl,0,0
getchar_unlocked,0,0
nanl,0,0
cargf,0,0
posix_spawn_file_actions_addclose,0,0
pthread_mutexattr_getprioceiling,0,0
grantpt,0,0
abs,0,0
llroundl,0,0
fesetexceptflag,0,0
catan,0,0
pthread_testcancel,0,0
msgsnd,0,0
acoshl,0,0
getsid,0,0
cpow,0,0
labs,0,0
casinf,0,0
open_wmemstream,0,0
casinl,0,0
posix_spawnp,0,0
casinh,0,0
fattach,0,0
lroundl,0,0
posix_trace_attr_destroy,0,0
fmtmsg,0,0
isspace_l,0,0
psignal,0,0
aio_fsync,0,0
posix_trace_event,0,0
ispunct_l,0,0
posix_spawnattr_init,0,0
wcsncasecmp_l,0,0
dbm_firstkey,0,0
endnetent,0,0
dbm_clearerr,0,0
csqrt,0,0
pthread_barrierattr_destroy,0,0
pthread_attr_getinheritsched,0,0
aio_write,0,0
feupdateenv,0,0
posix_trace_get_attr,0,0
fdiml,0,0
conjl,0,0
towctrans,0,0
posix_spawnattr_getsigmask,0,0
pthread_mutex_setprioceiling,0,0
posix_spawnattr_setpgroup,0,0
pthread_spin_destroy,0,0
isless,0,0
ccosf,0,0
isunordered,0,0
ccosl,0,0
tdelete,0,0
isgraph_l,0,0
ccosh,0,0
cimag,0,0
llrintl,0,0
casinhl,0,0
posix_trace_eventset_add,0,0
casinhf,0,0
fesetenv,0,0
posix_spawnattr_destroy,0,0
posix_trace_eventtypelist_rewind,0,0
csinhl,0,0
lockf,0,0
pthread_mutex_getprioceiling,0,0
endhostent,0,0
wcstoimax,0,0
strfmon,0,0
cproj,0,0
lfind,0,0
lcong48,0,0
atanl,0,0
clogf,0,0
putc_unlocked,0,0
clogl,0,0
posix_trace_attr_getcreatetime,0,0
feraiseexcept,0,0
getpmsg,0,0
setkey,0,0
cexpf,0,0
tgammal,0,0
modfl,0,0
pthread_mutex_consistent,0,0
wctype_l,0,0
strerror_l,0,0
shm_open,0,0
setgrent,0,0
posix_trace_getnext_event,0,0
mq_receive,0,0
cprojf,0,0
strcasecmp_l,0,0
cprojl,0,0
posix_trace_attr_getclockres,0,0
getpwnam_r,0,0
posix_trace_attr_getmaxdatasize,0,0
posix_trace_close,0,0
remque,0,0
posix_trace_attr_setname,0,0
endutxent,0,0
posix_trace_get_filter,0,0
casin,0,0
posix_spawnattr_getschedparam,0,0
getutxid,0,0
vfwscanf,0,0
posix_trace_attr_getinherited,0,0
statvfs,0,0
posix_trace_attr_getmaxsystemeventsize,0,0
getdelim,0,0
sethostent,0,0
linkat,0,0
mkfifo,0,0
posix_trace_attr_setinherited,0,0
va_copy,0,0
semctl,0,0
posix_trace_trygetnext_event,0,0
posix_typed_mem_open,0,0
pututxline,0,0
aio_error,0,0
shmget,0,0
nl_langinfo_l,0,0
ftw,0,0
posix_fadvise,0,0
mq_setattr,0,0
pthread_barrierattr_setpshared,0,0
fesetround,0,0
posix_trace_eventid_open,0,0
tfind,0,0
vswscanf,0,0
nftw,0,0
pthread_condattr_setclock,0,0
sigignore,0,0
carg,0,0
mknodat,0,0
posix_spawnattr_getflags,0,0
isfinite,0,0
tcgetsid,0,0
getnetent,0,0
erfl,0,0
getpwuid_r,0,0
getprotoent,0,0
tcdrain,0,0
nexttoward,0,0
sigset,0,0
duplocale,0,0
copysignl,0,0
csinf,0,0
faccessat,0,0
ntohs,0,0
csinl,0,0
dprintf,0,0
csinh,0,0
fpclassify,0,0
confstr,0,0
posix_spawnattr_getpgroup,0,0
cimagl,0,0
_Exit,0,0
lsearch,0,0
getgrgid_r,0,0
isalpha_l,0,0
fexecve,0,0
sigqueue,0,0
posix_trace_attr_getstreamsize,0,0
nearbyintl,0,0
cacosl,0,0
sigfillset,0,0
cacosh,0,0
stpcpy,0,0
pthread_atfork,0,0
cacosf,0,0
cfgetispeed,0,0
getutxline,0,0
FD_ZERO,0,0
posix_spawn_file_actions_adddup2,0,0
posix_trace_attr_setlogfullpolicy,0,0
setnetent,0,0
posix_trace_attr_getstreamfullpolicy,0,0
tsearch,0,0
endgrent,0,0
mlockall,0,0
logbl,0,0
posix_mem_offset,0,0
csqrtl,0,0
pthread_barrierattr_init,0,0
fetestexcept,0,0
csqrtf,0,0
lio_listio,0,0
crealf,0,0
fegetexceptflag,0,0
isprint_l,0,0
ctan,0,0
a64l,0,0
pthread_spin_trylock,0,0
mq_timedreceive,0,0
fstatvfs,0,0
putchar_unlocked,0,0
pthread_setconcurrency,0,0
posix_spawnattr_getschedpolicy,0,0
posix_spawn_file_actions_init,0,0
mq_close,0,0
isastream,0,0
posix_trace_eventid_get_name,0,0
conjf,0,0
cimagf,0,0
pthread_mutexattr_setprotocol,0,0
l64a,0,0
FD_CLR,0,0
cexpl,0,0
twalk,0,0
pthread_setcancelstate,0,0
posix_trace_eventset_ismember,0,0
lgammal,0,0
posix_trace_attr_getmaxusereventsize,0,0
msgrcv,0,0
erfcl,0,0
semop,0,0
sigwaitinfo,0,0
readlinkat,0,0
islessequal,0,0
sigrelse,0,0
endprotoent,0,0
_tolower,0,0
putmsg,0,0
posix_openpt,0,0
nextafterl,0,0
iswgraph_l,0,0
getdate,0,0
fegetround,0,0
posix_trace_attr_init,0,0
posix_trace_rewind,0,0
pthread_setcanceltype,0,0
if_nameindex,0,0
vdprintf,0,0
insque,0,0
posix_spawn_file_actions_addopen,0,0
pthread_mutexattr_getprotocol,0,0
scalbln,0,0
posix_trace_attr_getgenversion,0,0
getwchar,0,0
semget,0,0
posix_trace_get_status,0,0
posix_spawnattr_setschedparam,0,0
csin,0,0
atanhl,0,0
catanf,0,0
ilogbl,0,0
catanl,0,0
catanh,0,0
psiginfo,0,0
posix_trace_set_filter,0,0
posix_trace_eventset_del,0,0
cacoshl,0,0
symlinkat,0,0
isnormal,0,0
cacoshf,0,0
mq_send,0,0
posix_spawnattr_setsigdefault,0,0
pthread_spin_init,0,0
getsubopt,0,0
hypotl,0,0
fmal,0,0
shmdt,0,0
dbm_fetch,0,0
va_arg,0,0
pthread_barrierattr_getpshared,0,0
asinl,0,0
mq_timedsend,0,0
setprotoent,0,0
pthread_attr_setinheritsched,0,0
assert,0,0
wordexp,0,0
aio_return,0,0
shmctl,0,0
wcswidth,0,0
dbm_error,0,0
tanl,0,0
truncl,0,0
scalblnf,0,0
posix_madvise,0,0
posix_trace_attr_setstreamfullpolicy,0,0
scalblnl,0,0
cabsf,0,0
fegetenv,0,0
cabsl,0,0
log10l,0,0
csinhf,0,0
cfsetospeed,0,0
posix_trace_clear,0,0
getmsg,0,0
signbit,0,0
posix_spawnattr_setschedpolicy,0,0
pthread_spin_lock,0,0
conj,0,0
dbm_nextkey,0,0
imaxabs,0,0
ccoshl,0,0
pthread_mutex_timedlock,0,0
posix_trace_create_withlog,0,0
ccoshf,0,0
msgget,0,0
pthread_mutexattr_getrobust,0,0
pthread_cleanup_push,0,0
mq_open,0,0
clock_getcpuclockid,0,0
stpncpy,0,0
posix_trace_trid_eventid_open,0,0
setutxent,0,0
crypt,0,0
posix_trace_attr_setstreamsize,0,0
hdestroy,0,0
pthread_mutexattr_setprioceiling,0,0
wcpcpy,0,0
clog,0,0
tcsendbreak,0,0
cfsetispeed,0,0
rintl,0,0
wctrans,0,0
posix_trace_shutdown,0,0
wcstoumax,0,0
wcscasecmp_l,0,0
getgrent,0,0
pthread_mutexattr_setrobust,0,0
lrintl,0,0
va_start,0,0
iswctype_l,0,0
cexp,0,0
putpmsg,0,0
posix_spawnattr_getsigdefault,0,0
mblen,0,0
hcreate,0,0
posix_spawnattr_setsigmask,0,0
remquol,0,0
llabs,0,0
cabs,0,0
ctermid,0,0
msgctl,0,0
exp2l,0,0
posix_trace_eventset_empty,0,0
sighold,0,0
mq_getattr,0,0
log1pl,0,0
isgreaterequal,0,0
FD_ISSET,0,0
tgammaf,0,0
wordfree,0,0
posix_trace_eventset_fill,0,0
sigtimedwait,0,0
hsearch,0,0
mkfifoat,0,0
shmat,0,0
posix_trace_flush,0,0
munlockall,0,0
pthread_spin_unlock,0,0
isinf,0,0
tanhl,0,0
posix_trace_attr_setmaxdatasize,0,0
_toupper,0,0
isgreater,0,0
gethostid,0,0
fdetach,0,0
sockatmark,0,0
posix_trace_create,0,0
posix_trace_attr_getlogsize,0,0
cpowf,0,0
cpowl,0,0
pthread_condattr_getclock,0,0
isblank_l,0,0
ctanf,0,0
feclearexcept,0,0
ctanh,0,0
posix_trace_start,0,0
ctanl,0,0
sigpause,0,0
iswblank,0,0
atof,0,0
posix_typed_mem_get_info,0,0
isalnum_l,0,0
fdim,0,0
posix_spawn_file_actions_destroy,0,0
if_freenameindex,0,0
imaxdiv,0,0
dbm_close,0,0
posix_trace_attr_setlogsize,0,0
htonl,0,0
FD_SET,0,0
htons,0,0
creal,0,0
towctrans_l,0,0
posix_trace_stop,0,0
nexttowardf,0,0
getutxent,0,0
mq_notify,0,0
getgrnam_r,0,0
nexttowardl,0,0
wctrans_l,0,0
posix_trace_eventid_equal,0,0
remainderl,0,0
feholdexcept,0,0
catanhf,0,0
creall,0,0
catanhl,0,0
posix_trace_attr_getname,0,0
cacos,0,0
pthread_cleanup_pop,0,0
iswalnum_l,0,0
asinhl,0,0

Total,374463 apps with native libs,
